{"cameraMode":{"drawMode":0,"name":"Shaded","section":"Shading Mode"},"sceneLighting":true,"audioPlay":false,"sceneViewState":{"m_AlwaysRefresh":false,"showFog":true,"showSkybox":true,"showFlares":true,"showImageEffects":true,"showParticleSystems":true,"showVisualEffectGraphs":true,"m_FxEnabled":true},"in2DMode":false,"pivot":{"x":0.391234427690506,"y":-0.06308713555335999,"z":1.098766565322876},"rotation":{"x":-0.041830092668533328,"y":0.956014096736908,"z":-0.16982978582382203,"w":-0.23547209799289704},"size":1.8018678426742554,"orthographic":false}